{"cameraMode":{"drawMode":0,"name":"Shaded","section":"Shading Mode"},"sceneLighting":true,"audioPlay":false,"sceneViewState":{"m_AlwaysRefresh":false,"showFog":true,"showSkybox":true,"showFlares":true,"showImageEffects":true,"showParticleSystems":true,"showVisualEffectGraphs":true,"m_FxEnabled":true},"in2DMode":false,"pivot":{"x":311.3733825683594,"y":-59.57429504394531,"z":188.78285217285157},"rotation":{"x":0.4089405834674835,"y":-0.02873961441218853,"z":0.012883201241493225,"w":0.9120525121688843},"size":1.665842890739441,"orthographic":true}