{"cameraMode":{"drawMode":0,"name":"Shaded","section":"Shading Mode"},"sceneLighting":true,"audioPlay":false,"sceneViewState":{"m_AlwaysRefresh":false,"showFog":true,"showSkybox":true,"showFlares":true,"showImageEffects":true,"showParticleSystems":true,"showVisualEffectGraphs":true,"m_FxEnabled":true},"in2DMode":false,"pivot":{"x":316.1000061035156,"y":-59.099998474121097,"z":213.51100158691407},"rotation":{"x":0.2677728831768036,"y":-0.05343901738524437,"z":0.014882020652294159,"w":0.9619181156158447},"size":52.74822235107422,"orthographic":true}