{"cameraMode":{"drawMode":0,"name":"Shaded","section":"Shading Mode"},"sceneLighting":true,"audioPlay":false,"sceneViewState":{"m_AlwaysRefresh":false,"showFog":true,"showSkybox":true,"showFlares":true,"showImageEffects":true,"showParticleSystems":true,"showVisualEffectGraphs":true,"m_FxEnabled":true},"in2DMode":false,"pivot":{"x":318.27825927734377,"y":-62.015838623046878,"z":168.9901123046875},"rotation":{"x":0.4679426848888397,"y":0.040272071957588199,"z":-0.021367136389017106,"w":0.8826109766960144},"size":30.53501319885254,"orthographic":true}