{"cameraMode":{"drawMode":0,"name":"Shaded","section":"Shading Mode"},"sceneLighting":true,"audioPlay":false,"sceneViewState":{"m_AlwaysRefresh":false,"showFog":true,"showSkybox":true,"showFlares":true,"showImageEffects":true,"showParticleSystems":true,"showVisualEffectGraphs":true,"m_FxEnabled":true},"in2DMode":false,"pivot":{"x":316.1000061035156,"y":-59.099998474121097,"z":213.51100158691407},"rotation":{"x":0.29040995240211489,"y":-0.07168345153331757,"z":0.021821973845362665,"w":0.9539991021156311},"size":50.88771057128906,"orthographic":true}